{
    "100.30.1 | Average: ": 69.69794185933173,
    "100.30.1 | Best: ": 67.39207225465182,
    "100.30.1.txt": {
        "100.30.1.txt.1": {
            "Best Score is: ": 67.39207225465182,
            "Best Solution is: ": "67.392072 == [[[18,44,9,80,33,100,30,55,34,87,2,35,26,81,16]],[[36,56,82,5,95,77,12,47,70,72,63,37,28,90,15,11,71]],[[75,62,38,49,60,93,3,27,8,23,7,48,92]],[[41,88,97,51,68,50,65,46,45,53,59,13,91,17,66,64,31,84]]] || [[89,4,67,54,83,86,73,99],[22,21,42,98,79,1,58,25,69,61],[6,19,94,40,24,78,85,20,39],[10,76,43,29,32,14,52,57,74,96]]",
            "Num_Drone: ": 4,
            "Num_Tech: ": 4,
            "Run Time is: ": 361.368
        },
        "100.30.1.txt.2": {
            "Best Score is: ": 69.9895751556138,
            "Best Solution is: ": "69.989575 == [[[90,33,30,100,55,34,24,40,2,87,94,19,6,81,16,39]],[[52,28,37,29,43,63,76,47,83,54,95,5,77,67,82,12,70,72,10,71]],[[26,35,78,85,62,60,49,38,93,3,75,20,48,7,42,92,22,21]],[[23,27,8,51,97,88,98,68,50,59,53,45,79,25]]] || [[65,46,13,91],[74,36,89,4,56,73,86,99,96],[69,1,58,64,17,66,31,41,61,84],[11,32,57,14,15,80,18,44,9]]",
            "Num_Drone: ": 4,
            "Num_Tech: ": 4,
            "Run Time is: ": 365.739
        },
        "100.30.1.txt.3": {
            "Best Score is: ": 73.84728201515067,
            "Best Solution is: ": "73.847282 == [[[16,81,6,19,9,44,18,2,87,100,30,55,34,94]],[[67,5,95,82,12,70,47,72,76,43,63,29,37,28,33,80,15,71]],[[75,62,60,49,38,85,93,3,27,23,7,48,42,92]],[[8,51,68,98,88,25,66,17,64,4,89,84]]] || [[79,65,46,45,50,53,59,13,91,1,58],[97,41,69,31,36,56,73,99,74,10,96],[26,35,24,40,78,20,39,21,22,61],[86,54,77,83,52,14,57,32,90,11]]",
            "Num_Drone: ": 4,
            "Num_Tech: ": 4,
            "Run Time is: ": 374.831
        },
        "100.30.1.txt.4": {
            "Best Score is: ": 69.72920916372482,
            "Best Solution is: ": "69.729209 == [[[15,32,90,80,33,100,30,55,34,87,2,24,6,81]],[[16,78,20,35,40,26,19,94,44,18,9,39,22,21,92]],[[61,41,98,68,65,46,45,53,59,50,13,91,79,17,66,64,58,1]],[[75,85,62,38,49,60,93,3,23,27,8,48,7]]] || [[42,97,51,88,25,69,31,84,71],[54,77,67,5,95,82,12,83],[36,89,4,56,73,74,10,52,14,57,11],[28,37,29,63,43,76,70,47,72,86,99,96]]",
            "Num_Drone: ": 4,
            "Num_Tech: ": 4,
            "Run Time is: ": 380.571
        },
        "100.30.1.txt.5": {
            "Best Score is: ": 67.5315707075176,
            "Best Solution is: ": "67.531571 == [[[9,44,18,55,34,87,100,30,33]],[[14,57,52,28,37,29,63,43,70,47,72,83,77,67,5,12,82,95,54]],[[7,48,23,27,60,38,49,93,3,75,62,85,78,20,39]],[[97,41,79,50,46,65,45,59,53,13,91,17,66,64,58,1,25,69,31,84]]] || [[92,42,8,51,68,98,88,61],[36,89,4,56,73,86,99,74,10,96],[11,15,80,90,32,76,71],[35,24,40,2,94,19,6,81,16,26,22,21]]",
            "Num_Drone: ": 4,
            "Num_Tech: ": 4,
            "Run Time is: ": 375.757
        }
    }
}
