{
    "20.10.1 | Average: ": 33.90925366769229,
    "20.10.1 | Best: ": 33.04312900652545,
    "20.10.1.txt": {
        "20.10.1.txt.1": {
            "Best Score is: ": 34.144837348556216,
            "Best Solution is: ": "34.144837 == [[[10,7,18,12,17,13,15,5,9,2]]] || [[20,4,6,8,14,1,11,3,16,19]]",
            "Num_Drone: ": 1,
            "Num_Tech: ": 1,
            "Run Time is: ": 1.135
        },
        "20.10.1.txt.10": {
            "Best Score is: ": 33.79547651137765,
            "Best Solution is: ": "33.795477 == [[[20,4,6,8,14,1,11,19,3,16,7,12,18,10]]] || [[17,13,15,5,9,2]]",
            "Num_Drone: ": 1,
            "Num_Tech: ": 1,
            "Run Time is: ": 1.141
        },
        "20.10.1.txt.11": {
            "Best Score is: ": 33.72808610702666,
            "Best Solution is: ": "33.728086 == [[[20,4,1,14,8,6,9,5,15,13,17,12,18,2]]] || [[10,7,16,3,11,19]]",
            "Num_Drone: ": 1,
            "Num_Tech: ": 1,
            "Run Time is: ": 1.124
        },
        "20.10.1.txt.12": {
            "Best Score is: ": 34.12157796522039,
            "Best Solution is: ": "34.121578 == [[[2,9,5,15,13,17,12,18,7]]] || [[10,19,11,16,3,8,14,6,1,4,20]]",
            "Num_Drone: ": 1,
            "Num_Tech: ": 1,
            "Run Time is: ": 1.135
        },
        "20.10.1.txt.13": {
            "Best Score is: ": 34.144837348556216,
            "Best Solution is: ": "34.144837 == [[[10,7,18,12,17,13,15,5,9,2]]] || [[20,4,8,14,1,3,16,19,11,6]]",
            "Num_Drone: ": 1,
            "Num_Tech: ": 1,
            "Run Time is: ": 1.146
        },
        "20.10.1.txt.14": {
            "Best Score is: ": 34.144837348556216,
            "Best Solution is: ": "34.144837 == [[[2,9,5,15,13,17,12,18,7,10]]] || [[4,8,14,1,3,16,19,11,6,20]]",
            "Num_Drone: ": 1,
            "Num_Tech: ": 1,
            "Run Time is: ": 1.147
        },
        "20.10.1.txt.15": {
            "Best Score is: ": 33.04312900652545,
            "Best Solution is: ": "33.043129 == [[[2,5,9,4,6,8,14,1,3,16,19,11,20]]] || [[15,13,17,12,18,7,10]]",
            "Num_Drone: ": 1,
            "Num_Tech: ": 1,
            "Run Time is: ": 1.117
        },
        "20.10.1.txt.2": {
            "Best Score is: ": 33.55111721705986,
            "Best Solution is: ": "33.551117 == [[[15,13,17,12,18,7,16,3,1,11,19,10]]] || [[2,5,9,6,8,14,4,20]]",
            "Num_Drone: ": 1,
            "Num_Tech: ": 1,
            "Run Time is: ": 1.167
        },
        "20.10.1.txt.3": {
            "Best Score is: ": 33.04312900652545,
            "Best Solution is: ": "33.043129 == [[[2,5,9,6,4,8,14,1,16,3,11,19,20]]] || [[15,13,17,12,18,7,10]]",
            "Num_Drone: ": 1,
            "Num_Tech: ": 1,
            "Run Time is: ": 1.126
        },
        "20.10.1.txt.4": {
            "Best Score is: ": 34.570210633713536,
            "Best Solution is: ": "34.570211 == [[[4,1,14,8,3,16,11,19,6,9,5,2]]] || [[20,10,7,18,12,17,13,15]]",
            "Num_Drone: ": 1,
            "Num_Tech: ": 1,
            "Run Time is: ": 1.091
        },
        "20.10.1.txt.5": {
            "Best Score is: ": 34.144837348556216,
            "Best Solution is: ": "34.144837 == [[[10,7,18,12,17,13,15,5,9,2]]] || [[16,3,19,11,6,8,14,1,4,20]]",
            "Num_Drone: ": 1,
            "Num_Tech: ": 1,
            "Run Time is: ": 1.219
        },
        "20.10.1.txt.6": {
            "Best Score is: ": 34.12157796522039,
            "Best Solution is: ": "34.121578 == [[[2,9,5,15,13,17,12,18,7]]] || [[4,6,8,1,14,3,16,11,19,10,20]]",
            "Num_Drone: ": 1,
            "Num_Tech: ": 1,
            "Run Time is: ": 1.126
        },
        "20.10.1.txt.7": {
            "Best Score is: ": 34.144837348556216,
            "Best Solution is: ": "34.144837 == [[[2,9,5,15,13,17,12,18,7,10]]] || [[20,11,19,3,16,1,14,8,6,4]]",
            "Num_Drone: ": 1,
            "Num_Tech: ": 1,
            "Run Time is: ": 1.118
        },
        "20.10.1.txt.8": {
            "Best Score is: ": 34.144837348556216,
            "Best Solution is: ": "34.144837 == [[[2,9,5,15,13,17,12,18,7,10]]] || [[20,6,4,3,16,19,11,8,14,1]]",
            "Num_Drone: ": 1,
            "Num_Tech: ": 1,
            "Run Time is: ": 1.116
        },
        "20.10.1.txt.9": {
            "Best Score is: ": 33.79547651137765,
            "Best Solution is: ": "33.795477 == [[[20,4,6,8,14,1,11,19,3,16,7,12,18,10]]] || [[9,5,13,17,15,2]]",
            "Num_Drone: ": 1,
            "Num_Tech: ": 1,
            "Run Time is: ": 1.234
        }
    }
}
