{
    "50.10.1 | Average: ": 22.803531068285572,
    "50.10.1 | Best: ": 21.244120516650565,
    "50.10.1.txt": {
        "50.10.1.txt.1": {
            "Best Score is: ": 24.351440107973755,
            "Best Solution is: ": "24.351440 == [[[30,22,47,17,19,48,29,45]],[[43,2,34,7,33,20,18,6,10,8]],[[3,50,24,42,14,21,15,35,28,12,11,16]]] || [[4,27,13,25,49,9],[40,5,31,32,44,23,46,38,1,41],[39,37,26,36]]",
            "Num_Drone: ": 3,
            "Num_Tech: ": 3,
            "Run Time is: ": 16.812
        },
        "50.10.1.txt.10": {
            "Best Score is: ": 23.22004713798288,
            "Best Solution is: ": "23.220047 == [[[22,3,50,42,24,14,21,15,35,28,11,12,30]],[[5,31,29,45,36,26,37,39,1,48,41,8]],[[7,18,6,33,20,34,2,16,10]]] || [[49,25,13,27],[19,17,9,4,47],[32,23,44,46,38,43,40]]",
            "Num_Drone: ": 3,
            "Num_Tech: ": 3,
            "Run Time is: ": 17.356
        },
        "50.10.1.txt.11": {
            "Best Score is: ": 22.464475169967553,
            "Best Solution is: ": "22.464475 == [[[31,5,29,45,26,36,37,39,32,44,23,40]],[[41,47,42,24,21,15,14,50,3,30]],[[46,38,43,2,34,33,7,6,20,18,16]]] || [[11,12,28,35,22],[10,8,9,25,13,27,4],[49,17,19,48,1]]",
            "Num_Drone: ": 3,
            "Num_Tech: ": 3,
            "Run Time is: ": 17.652
        },
        "50.10.1.txt.12": {
            "Best Score is: ": 23.170827254649094,
            "Best Solution is: ": "23.170827 == [[[30,22,12,11,33,7,18,6]],[[3,50,42,24,14,21,15,35,28,20,16]],[[8,41,1,48,17,19,49,25,13,47,4,27,9]]] || [[29,45,36,26,39,31,5],[40,32,23,44,46,38,43,2,34,10],[37]]",
            "Num_Drone: ": 3,
            "Num_Tech: ": 3,
            "Run Time is: ": 16.399
        },
        "50.10.1.txt.13": {
            "Best Score is: ": 22.699998638124466,
            "Best Solution is: ": "22.699999 == [[[30,3,42,14,24,50,21,35,15,28,22]],[[40,29,45,36,37,26,39,44,23,46,32,31,5]],[[6,18,7,33,20,12,11]]] || [[41,49,17,19,48,1],[8,9,27,25,13,47,4],[16,34,43,2,38,10]]",
            "Num_Drone: ": 3,
            "Num_Tech: ": 3,
            "Run Time is: ": 15.505
        },
        "50.10.1.txt.14": {
            "Best Score is: ": 23.712253146990815,
            "Best Solution is: ": "23.712253 == [[[10,30,22,3,42,50,24,14,21,15,35,28,12]],[[20,11,18,6,33,7,16,34,40]],[[9,47,4,13,25,49,27,17,19,48,1]]] || [[37,39],[29,36,45,26,41,8],[32,5,31,44,23,46,38,2,43]]",
            "Num_Drone: ": 3,
            "Num_Tech: ": 3,
            "Run Time is: ": 16.146
        },
        "50.10.1.txt.15": {
            "Best Score is: ": 22.292147241051005,
            "Best Solution is: ": "22.292147 == [[[48,1,29,45,26,36,37,39,31,5]],[[40,32,23,44,46,38,43,33,7,2,34]],[[22,3,50,42,24,14,21,35,28,15,30,8]]] || [[10,12,11,18,6,20,16],[4,47,13,25,27],[9,49,17,19,41]]",
            "Num_Drone: ": 3,
            "Num_Tech: ": 3,
            "Run Time is: ": 15.51
        },
        "50.10.1.txt.2": {
            "Best Score is: ": 22.33344032115183,
            "Best Solution is: ": "22.333440 == [[[40,32,23,44,46,38,43,2,34,7,33,6,18,20,16]],[[22,3,50,42,14,24,27,13,25,49,17,19]],[[1,29,26,45,37,36,39,5,31]]] || [[8,9,4,47,48,41],[30,21,15],[10,12,11,28,35]]",
            "Num_Drone: ": 3,
            "Num_Tech: ": 3,
            "Run Time is: ": 17.025
        },
        "50.10.1.txt.3": {
            "Best Score is: ": 22.381395340166904,
            "Best Solution is: ": "22.381395 == [[[39,37,26,36,45,29,1,22,10]],[[35,15,28,12,11,18,6,20,16]],[[21,14,24,42,3,50,47,13,25,27,4,30]]] || [[32,5,31,40,23,44,38,46],[43,2,7,33,34],[41,48,19,17,49,9,8]]",
            "Num_Drone: ": 3,
            "Num_Tech: ": 3,
            "Run Time is: ": 16.686
        },
        "50.10.1.txt.4": {
            "Best Score is: ": 21.244120516650565,
            "Best Solution is: ": "21.244121 == [[[30,22,24,14,42,50,3,21,15,28,35,10]],[[48,19,17,49,25,4,47,13,27,9,8]],[[41,1,39,37,36,26,45,29,5,31]]] || [[33,7,34],[12,11,18,6,20,16],[43,2,46,38,23,44,32,40]]",
            "Num_Drone: ": 3,
            "Num_Tech: ": 3,
            "Run Time is: ": 17.445
        },
        "50.10.1.txt.5": {
            "Best Score is: ": 21.96246931775662,
            "Best Solution is: ": "21.962469 == [[[38,46,23,44,39,37,26,45,36,29,32]],[[3,50,42,24,14,21,15,35,28,11,12,10]],[[43,2,16,34,7,18,33,6,20]]] || [[49,25,9],[41,19,17,48,1,31,5,40],[8,4,47,13,27,22,30]]",
            "Num_Drone: ": 3,
            "Num_Tech: ": 3,
            "Run Time is: ": 17.001
        },
        "50.10.1.txt.6": {
            "Best Score is: ": 23.52815833618589,
            "Best Solution is: ": "23.528158 == [[[16,6,33,7,34,20,18,11,12,22]],[[43,2,46,38,23,44,37,29,41]],[[3,50,14,24,42,47,13,27,4,25,49,17,19]]] || [[32,39,36,26,45,5,31],[35,28,15,21],[40,10,30,8,9,48,1]]",
            "Num_Drone: ": 3,
            "Num_Tech: ": 3,
            "Run Time is: ": 16.27
        },
        "50.10.1.txt.7": {
            "Best Score is: ": 23.569617180049203,
            "Best Solution is: ": "23.569617 == [[[39,29,45,37,26,36,5,31,40,41]],[[4,13,47,3,50,42,24,14,15,21,10]],[[1,48,8,30,22,35,28,11,12,20,16]]] || [[19,17,49,25,27,9],[18,6,33,7,34],[32,23,44,38,43,2,46]]",
            "Num_Drone: ": 3,
            "Num_Tech: ": 3,
            "Run Time is: ": 17.127
        },
        "50.10.1.txt.8": {
            "Best Score is: ": 22.83042907453206,
            "Best Solution is: ": "22.830429 == [[[30,42,24,14,3,50,25,49,17,19,48]],[[16,34,7,33,6,18,20,11,12,28]],[[2,43,23,44,39,37,26,36,45,29,1,41]]] || [[21,15,35,22],[40,5,32,38,46,31,8],[47,13,27,4,9,10]]",
            "Num_Drone: ": 3,
            "Num_Tech: ": 3,
            "Run Time is: ": 17.093
        },
        "50.10.1.txt.9": {
            "Best Score is: ": 22.292147241051005,
            "Best Solution is: ": "22.292147 == [[[22,3,50,42,24,14,21,15,28,35,16]],[[43,46,38,23,44,39,37,32,31,5,40]],[[10,30,12,11,18,6,20,33,7,34,2]]] || [[41,1,29,45,26,36],[8,9,49,17,19,48],[4,47,13,25,27]]",
            "Num_Drone: ": 3,
            "Num_Tech: ": 3,
            "Run Time is: ": 16.995
        }
    }
}
