{
    "6.10.1 | Average: ": 12.181708179168847,
    "6.10.1 | Best: ": 12.181708179168847,
    "6.10.1.txt": {
        "6.10.1.txt.1": {
            "Best Score is: ": 12.181708179168847,
            "Best Solution is: ": "12.181708 == [[[3]],[[1]],[[4,5]],[[6]]] || [[],[2],[],[]]",
            "Num_Drone: ": 4,
            "Num_Tech: ": 4,
            "Run Time is: ": 0.47
        },
        "6.10.1.txt.2": {
            "Best Score is: ": 12.181708179168847,
            "Best Solution is: ": "12.181708 == [[[3]],[[1]],[[5,4]],[[6]]] || [[],[2],[],[]]",
            "Num_Drone: ": 4,
            "Num_Tech: ": 4,
            "Run Time is: ": 0.383
        },
        "6.10.1.txt.3": {
            "Best Score is: ": 12.181708179168847,
            "Best Solution is: ": "12.181708 == [[[3]],[[1]],[[6]],[[5,4]]] || [[],[2],[],[]]",
            "Num_Drone: ": 4,
            "Num_Tech: ": 4,
            "Run Time is: ": 0.365
        },
        "6.10.1.txt.4": {
            "Best Score is: ": 12.181708179168847,
            "Best Solution is: ": "12.181708 == [[[3]],[[1]],[[4,5]],[[6]]] || [[],[2],[],[]]",
            "Num_Drone: ": 4,
            "Num_Tech: ": 4,
            "Run Time is: ": 0.373
        },
        "6.10.1.txt.5": {
            "Best Score is: ": 12.181708179168847,
            "Best Solution is: ": "12.181708 == [[[3]],[[1]],[[4,5]],[[6]]] || [[],[2],[],[]]",
            "Num_Drone: ": 4,
            "Num_Tech: ": 4,
            "Run Time is: ": 0.449
        }
    },
    "6.10.2 | Average: ": 15.661528128665463,
    "6.10.2 | Best: ": 15.661528128665465,
    "6.10.2.txt": {
        "6.10.2.txt.1": {
            "Best Score is: ": 15.661528128665465,
            "Best Solution is: ": "15.661528 == [[[3]],[[4]],[[6]],[[5]]] || [[1],[2],[],[]]",
            "Num_Drone: ": 4,
            "Num_Tech: ": 4,
            "Run Time is: ": 0.541
        },
        "6.10.2.txt.2": {
            "Best Score is: ": 15.661528128665465,
            "Best Solution is: ": "15.661528 == [[[3]],[[4]],[[6]],[[5]]] || [[1],[2],[],[]]",
            "Num_Drone: ": 4,
            "Num_Tech: ": 4,
            "Run Time is: ": 0.511
        },
        "6.10.2.txt.3": {
            "Best Score is: ": 15.661528128665465,
            "Best Solution is: ": "15.661528 == [[[3]],[[4]],[[6]],[[5]]] || [[1],[2],[],[]]",
            "Num_Drone: ": 4,
            "Num_Tech: ": 4,
            "Run Time is: ": 0.461
        },
        "6.10.2.txt.4": {
            "Best Score is: ": 15.661528128665465,
            "Best Solution is: ": "15.661528 == [[[3]],[[4]],[[6]],[[5]]] || [[1],[2],[],[]]",
            "Num_Drone: ": 4,
            "Num_Tech: ": 4,
            "Run Time is: ": 0.464
        },
        "6.10.2.txt.5": {
            "Best Score is: ": 15.661528128665465,
            "Best Solution is: ": "15.661528 == [[[3]],[[4]],[[6]],[[5]]] || [[1],[2],[],[]]",
            "Num_Drone: ": 4,
            "Num_Tech: ": 4,
            "Run Time is: ": 0.448
        }
    },
    "6.10.3 | Average: ": 14.408161951234206,
    "6.10.3 | Best: ": 14.408161951234206,
    "6.10.3.txt": {
        "6.10.3.txt.1": {
            "Best Score is: ": 14.408161951234206,
            "Best Solution is: ": "14.408162 == [[],[[3]],[],[]] || [[6],[1],[4],[5,2]]",
            "Num_Drone: ": 4,
            "Num_Tech: ": 4,
            "Run Time is: ": 0.301
        },
        "6.10.3.txt.2": {
            "Best Score is: ": 14.408161951234206,
            "Best Solution is: ": "14.408162 == [[],[[3]],[],[]] || [[1],[6],[2,5,4],[]]",
            "Num_Drone: ": 4,
            "Num_Tech: ": 4,
            "Run Time is: ": 0.344
        },
        "6.10.3.txt.3": {
            "Best Score is: ": 14.408161951234206,
            "Best Solution is: ": "14.408162 == [[],[],[[3]],[]] || [[2],[5],[4,1],[6]]",
            "Num_Drone: ": 4,
            "Num_Tech: ": 4,
            "Run Time is: ": 0.309
        },
        "6.10.3.txt.4": {
            "Best Score is: ": 14.408161951234206,
            "Best Solution is: ": "14.408162 == [[],[[3]],[],[]] || [[2,5],[6],[4],[1]]",
            "Num_Drone: ": 4,
            "Num_Tech: ": 4,
            "Run Time is: ": 0.282
        },
        "6.10.3.txt.5": {
            "Best Score is: ": 14.408161951234206,
            "Best Solution is: ": "14.408162 == [[],[],[],[[3]]] || [[4,5,2],[1],[6],[]]",
            "Num_Drone: ": 4,
            "Num_Tech: ": 4,
            "Run Time is: ": 0.342
        }
    },
    "6.10.4 | Average: ": 11.68828620229006,
    "6.10.4 | Best: ": 11.68828620229006,
    "6.10.4.txt": {
        "6.10.4.txt.1": {
            "Best Score is: ": 11.68828620229006,
            "Best Solution is: ": "11.688286 == [[[6]],[[4]],[[3]],[[5]]] || [[1],[2],[],[]]",
            "Num_Drone: ": 4,
            "Num_Tech: ": 4,
            "Run Time is: ": 0.54
        },
        "6.10.4.txt.2": {
            "Best Score is: ": 11.68828620229006,
            "Best Solution is: ": "11.688286 == [[[6]],[[4]],[[3]],[[5]]] || [[1],[2],[],[]]",
            "Num_Drone: ": 4,
            "Num_Tech: ": 4,
            "Run Time is: ": 0.569
        },
        "6.10.4.txt.3": {
            "Best Score is: ": 11.68828620229006,
            "Best Solution is: ": "11.688286 == [[[6]],[[4]],[[3]],[[5]]] || [[1],[2],[],[]]",
            "Num_Drone: ": 4,
            "Num_Tech: ": 4,
            "Run Time is: ": 0.613
        },
        "6.10.4.txt.4": {
            "Best Score is: ": 11.68828620229006,
            "Best Solution is: ": "11.688286 == [[[6]],[[4]],[[3]],[[5]]] || [[1],[2],[],[]]",
            "Num_Drone: ": 4,
            "Num_Tech: ": 4,
            "Run Time is: ": 0.524
        },
        "6.10.4.txt.5": {
            "Best Score is: ": 11.68828620229006,
            "Best Solution is: ": "11.688286 == [[[6]],[[4]],[[3]],[[5]]] || [[1],[2],[],[]]",
            "Num_Drone: ": 4,
            "Num_Tech: ": 4,
            "Run Time is: ": 0.473
        }
    },
    "6.20.1 | Average: ": 21.372410641086617,
    "6.20.1 | Best: ": 21.372410641086617,
    "6.20.1.txt": {
        "6.20.1.txt.1": {
            "Best Score is: ": 21.372410641086617,
            "Best Solution is: ": "21.372411 == [[[1]],[[2]],[[5]],[[3]]] || [[4,6],[],[],[]]",
            "Num_Drone: ": 4,
            "Num_Tech: ": 4,
            "Run Time is: ": 0.412
        },
        "6.20.1.txt.2": {
            "Best Score is: ": 21.372410641086617,
            "Best Solution is: ": "21.372411 == [[[2]],[[5,6]],[[3]],[[1]]] || [[4],[],[],[]]",
            "Num_Drone: ": 4,
            "Num_Tech: ": 4,
            "Run Time is: ": 0.41
        },
        "6.20.1.txt.3": {
            "Best Score is: ": 21.372410641086617,
            "Best Solution is: ": "21.372411 == [[[1]],[[5]],[[3]],[[2]]] || [[6,4],[],[],[]]",
            "Num_Drone: ": 4,
            "Num_Tech: ": 4,
            "Run Time is: ": 0.494
        },
        "6.20.1.txt.4": {
            "Best Score is: ": 21.372410641086617,
            "Best Solution is: ": "21.372411 == [[[2]],[[5]],[[3]],[[1]]] || [[6],[4],[],[]]",
            "Num_Drone: ": 4,
            "Num_Tech: ": 4,
            "Run Time is: ": 0.417
        },
        "6.20.1.txt.5": {
            "Best Score is: ": 21.372410641086617,
            "Best Solution is: ": "21.372411 == [[[2]],[[5,6]],[[3]],[[1]]] || [[4],[],[],[]]",
            "Num_Drone: ": 4,
            "Num_Tech: ": 4,
            "Run Time is: ": 0.388
        }
    },
    "6.20.2 | Average: ": 30.416187883468314,
    "6.20.2 | Best: ": 30.416187883468314,
    "6.20.2.txt": {
        "6.20.2.txt.1": {
            "Best Score is: ": 30.416187883468314,
            "Best Solution is: ": "30.416188 == [[[4]],[[5,3]],[],[]] || [[1,2],[6],[],[]]",
            "Num_Drone: ": 4,
            "Num_Tech: ": 4,
            "Run Time is: ": 0.291
        },
        "6.20.2.txt.2": {
            "Best Score is: ": 30.416187883468314,