{
    "100.10.1.txt": 121.56043124444294,
    "100.20.1.txt": 233.13797592837454,
    "100.30.1.txt": 370.06758202810386,
    "100.40.1.txt": 767.9025286849057
}
