{
    "100.10.1 | Average: ": 23.58535121752478,
    "100.10.1 | Best: ": 23.874088249201055,
    "100.10.1.txt": {
        "100.10.1.txt.1": {
            "Best Score is: ": 25.2698999772536,
            "Best Solution is: ": "25.269900 == [[[17,98,15,18,30,52,44,41,28,57,78,42,36,33,26,88,77,9,48,86]],[[53,29,40,81,20,70,14,7,4,23,10,21]],[[8,83,99,100,38,51,3,92,24,62,1,5,35,16,58,19,55,65]],[[75,91,54,66,39,72,95,71,6,45,64,87,43,47]]] || [[25,22,93,96,11,73,89,60,32],[50,74,97,2,59,13,46,63,61,31],[34,84,90,49,80,76,82],[85,27,94,69,56,79,37,12,68,67]]",
            "Num_Drone: ": 4,
            "Num_Tech: ": 4,
            "Run Time is: ": 233.002
        },
        "100.10.1.txt.2": {
            "Best Score is: ": 22.33852911050296,
            "Best Solution is: ": "22.338529 == [[[74,75,15,72,54,59,7,39,4,46,63,95,61,71,52,47,25]],[[30,18,31,64,45,57,78,28,41,42,36,33,26,96,9,93,65]],[[97,53,29,40,69,81,23,21,10,20,14,70,13,66,91,98]],[[67,82,84,90,49,80,76,3,92,24,62,51,38,100,99]]] || [[85,11,73,48,1,19,55,89,32,60],[50,2,68,27,94,56,79,37,12,34],[5,58,16,35,83,8,86],[22,77,88,43,44,6,87,17]]",
            "Num_Drone: ": 4,
            "Num_Tech: ": 4,
            "Run Time is: ": 198.397
        },
        "100.10.1.txt.3": {
            "Best Score is: ": 22.252877657613432,
            "Best Solution is: ": "22.252878 == [[[91,72,63,95,64,45,57,78,28,41,44,43,17]],[[29,40,81,23,21,20,10,14,70,46,13,66,39,4,7,59,54,75,53,74]],[[50,2,68,27,94,37,12,90,49,76,80,3,38,83,8]],[[93,96,9,19,55,5,1,35,16,58,89,32]]] || [[65,100,99,51,92,24,62,48,73,11,60,86],[98,52,87,71,61,31,18,30,15,85],[97,69,56,79,34,82,84,67],[6,42,36,33,26,77,88,22,47,25]]",
            "Num_Drone: ": 4,
            "Num_Tech: ": 4,
            "Run Time is: ": 213.629
        },
        "100.10.1.txt.4": {
            "Best Score is: ": 24.19136109305285,
            "Best Solution is: ": "24.191361 == [[[59,63,66,39,7,4,14,70,13,46,29,69,27,94]],[[50,97,2,53,75,74,91,52,87,64,45,57,28,78,42,36,33,26,43]],[[83,8,67,99,100,3,76,80,49,92,24,62,51,38,85]],[[68,40,81,23,20,10,21,56,79,37,12,90,82,84,34]]] || [[17,98,15,30,31,54,72,18,95],[65,86,25,11,73,48,32,60,93,88,77,96,9,22,47],[5,1,35,16,58,19,55,89],[71,61,6,41,44]]",
            "Num_Drone: ": 4,
            "Num_Tech: ": 4,
            "Run Time is: ": 208.297
        },
        "100.10.1.txt.5": {
            "Best Score is: ": 23.874088249201055,
            "Best Solution is: ": "23.874088 == [[[91,72,54,59,7,4,70,14,10,20,23,21,29,53,2,50,68,85]],[[74,97,40,81,69,56,79,37,12,90,49,80,76,67,8]],[[98,15,18,30,31,71,61,64,45,57,78,28,41,42,33,36,44,26,96,11,65]],[[75,63,39,66,13,46,95,52,87,6,43,17,86]]] || [[24,92,16,58,35,48],[32,89,55,19,5,1,62,51,100,99,83],[73,25,88,77,9,22,60,93,47],[27,94,34,82,3,84,38]]",
            "Num_Drone: ": 4,
            "Num_Tech: ": 4,
            "Run Time is: ": 268.346
        }
    },
    "100.20.1 | Average: ": 44.37400412319263,
    "100.20.1 | Best: ": 43.401127200629674,
    "100.20.1.txt": {
        "100.20.1.txt.1": {
            "Best Score is: ": 43.82976906847472,
            "Best Solution is: ": "43.829769 == [[[6,16,85,31,27,75,11,33,23,45,81,22,13,76,90,59,91,70,8,94]],[[17,61,51,4,95,99,32,2,93,28,55,7,49,39,86,74,21,78,1]],[[41,42,88,18,5,73,15,47,54]],[[26,34,83,82,62,37,25,56,65,29,36,72,40,84]]] || [[24,100,64,30,58,60,79,43],[69,52,50,57,92,71,80,38,67],[98,10,14,19,53,89,68,44,35,12,3,77],[63,48,9,46,66,87,97,96,20]]",
            "Num_Drone: ": 4,
            "Num_Tech: ": 4,
            "Run Time is: ": 243.194
        },
        "100.20.1.txt.2": {
            "Best Score is: ": 43.918955719463845,
            "Best Solution is: ": "43.918956 == [[[54,47,5,73,15,98,19,14,10,53,89,68,44,12,35,3,77]],[[51,95,99,32,4,93,2,28,41,74,86,21,78]],[[43,45,58,30,81,64,22,13,90,91,76,59,70,8,94,69,24]],[[84,40,63,29,25,37,62,82,83,56,36,65,34,72]]] || [[52,60,100,57,92,71,80,50,67,79],[88,42,55,39,7,49,18,1],[16,17,61,27,75,11,23,33,31,85,6],[26,48,9,46,66,87,97,96,38,20]]",
            "Num_Drone: ": 4,
            "Num_Tech: ": 4,
            "Run Time is: ": 230.325
        },
        "100.20.1.txt.3": {
            "Best Score is: ": 45.27081855529913,
            "Best Solution is: ": "45.270819 == [[[40,72,56,65,34,83,82,25,37,62,29,36,48,63,20]],[[24,85,31,75,51,32,99,95,4,2,93,28,41,16,6]],[[52,60,100,92,91,70,76,90,59,13,64,30,58,81,22,8,94,67]],[[84,26,66,87,46,9,97,57,50,80,71,96,38]]] || [[69,43,79,45,33,23,11,27,17,61],[21,88,74,86,42,55,39,7,49,18,78,1],[14,10,53,19,98,89,68,12,35,3,44,77],[15,73,5,47,54]]",
            "Num_Drone: ": 4,
            "Num_Tech: ": 4,
            "Run Time is: ": 229.867
        },
        "100.20.1.txt.4": {
            "Best Score is: ": 45.44935007209581,
            "Best Solution is: ": "45.449350 == [[[3,35,12,89,68,44,83,82,62,37,29,25,34,56,65,72]],[[1,78,39,49,7,55,28,32,99,95,4,2,41,93,51]],[[20,9,46,66,87,97,38,96,50,80,71,57,92,90,59,91,94,60,69]],[[16,85,17,61,31,27,75,11,33,23,45,30,58,22,13,76,70,8,67,24]]] || [[63,36,26,40,48,84],[47,5,73,15,98,14],[79,43,100,64,81,52],[77,10,53,19,54,18,86,42,74,88,21,6]]",
            "Num_Drone: ": 4,
            "Num_Tech: ": 4,
            "Run Time is: ": 241.775
        },
        "100.20.1.txt.5": {
            "Best Score is: ": 43.401127200629674,
            "Best Solution is: ": "43.401127 == [[[31,27,75,11,33,23,8,70,91,59,90,76,13,22,64,94]],[[17,61,51,93,2,4,95,99,32,28,55,41,88,74,78,1,6]],[[54,47,5,73,15,89,44,68,12,35,3,98,53,10,19,14]],[[77,83,34,25,62,37,82,56,65,29,36,72,40]]] || [[21,42,39,18,49,7,86],[24,69,52,43,79,60,30,58,81,45,85,16],[20,63,48,9,46,66,87,97,96,38],[84,26,80,71,57,92,50,100,67]]",
            "Num_Drone: ": 4,
            "Num_Tech: ": 4,
            "Run Time is: ": 252.395
        }
    },
    "100.30.1 | Average: ": 70.19420446164,
    "100.30.1 | Best: ": 71.26211527915704,
    "100.30.1.txt": {
        "100.30.1.txt.1": {
            "Best Score is: ": 69.95496965996972,
            "Best Solution is: ": "69.954970 == [[[14,52,32,57,9,87,18,94,19,6,81,39,42,21,22,84]],[[15,44,80,33,100,30,55,34,24,35,40,2,26,16]],[[20,78,75,85,62,38,49,60,93,3,23,27,7,48,92]],[[8,51,50,65,46,45,53,59,13,91,17,66,64,31]]] || [[61,88,41,97,98,68,79,1,58,25,69],[36,56,89,4,67,5,95,83,86,99],[73,54,77,82,12,70,47,72,96,71],[74,10,76,63,29,37,43,28,90,11]]",
            "Num_Drone: ": 4,
            "Num_Tech: ": 4,
            "Run Time is: ": 243.092
        },
        "100.30.1.txt.2": {
            "Best Score is: ": 69.72920916372482,
            "Best Solution is: ": "69.729209 == [[[39,75,85,62,38,49,60,3,93,27,23,7,48,42,92,21,22]],[[10,74,52,57,14,90,80,15,18,87,2,40,24,94,19,6,16]],[[9,44,33,100,30,55,34,78,20,35,26,81]],[[8,51,68,98,50,53,59,13,91,17,66,64,69]]] || [[97,41,88,45,46,65,79,58,1,25,61],[84,31,36,89,4,56,73,86,99],[96,70,47,72,76,43,63,29,37,28,32,11,71],[54,77,67,5,95,82,12,83]]",
            "Num_Drone: ": 4,
            "Num_Tech: ": 4,
            "Run Time is: ": 247.128
        },
        "100.30.1.txt.3": {
            "Best Score is: ": 70.29551904162362,
            "Best Solution is: ": "70.295519 == [[[90,80,33,100,30,55,34,24,40,35,42,92,21,22]],[[99,86,67,54,77,5,95,82,83,12,70,47,72,73,56,89,36,96]],[[48,7,23,27,38,49,60,93,3,75,62,85,78,20,39]],[[8,51,50,59,53,45,46,65,13,91,1,58]]] || [[4,25,69,61,41],[97,88,98,68,79,66,17,64,31,84],[71,16,9,44,18,87,2,94,19,6,26,81],[74,10,76,43,63,29,37,28,32,52,57,14,15,11]]",
            "Num_Drone: ": 4,
            "Num_Tech: ": 4,
            "Run Time is: ": 237.655
        },
        "100.30.1.txt.4": {
            "Best Score is: ": 69.72920916372482,