{
    "12.10.2.txt": {
        "12.10.2.txt.1": {
            "Best Score is: ": 15.523923799336352,
            "Best Solution is: ": "15.523924 == [[[5,9,6,1]],[[12,11]],[[10,2]]] || [[4,8],[7],[3]]",
            "Num_Drone: ": 3,
            "Num_Tech: ": 3,
            "Run Time is: ": 0.618
        },
        "12.10.2.txt.2": {
            "Best Score is: ": 15.523923799336352,
            "Best Solution is: ": "15.523924 == [[[12,11]],[[10,2]],[[5,6,9]]] || [[8,4],[1,3],[7]]",
            "Num_Drone: ": 3,
            "Num_Tech: ": 3,
            "Run Time is: ": 0.56
        },
        "12.10.2.txt.3": {
            "Best Score is: ": 16.076034200765505,
            "Best Solution is: ": "16.076034 == [[[5,6,9]],[[12,7,10,2]],[]] || [[4,8],[3,1],[11]]",
            "Num_Drone: ": 3,
            "Num_Tech: ": 3,
            "Run Time is: ": 0.505
        },
        "12.10.2.txt.4": {
            "Best Score is: ": 15.523923799336352,
            "Best Solution is: ": "15.523924 == [[[10,2]],[[5,9,6,1]],[[3,11]]] || [[4,8,12],[7],[]]",
            "Num_Drone: ": 3,
            "Num_Tech: ": 3,
            "Run Time is: ": 0.505
        },
        "12.10.2.txt.5": {
            "Best Score is: ": 15.523923799336352,
            "Best Solution is: ": "15.523924 == [[[11,3]],[[2,10]],[[1,9,6]]] || [[5],[8,7,12],[4]]",
            "Num_Drone: ": 3,
            "Num_Tech: ": 3,
            "Run Time is: ": 0.55
        }
    }
}
