{
    "20.10.1 | Average: ": 21.771050519945522,
    "20.10.1 | Best: ": 21.771050519945522,
    "20.10.1.txt": {
        "20.10.1.txt.1": {
            "Best Score is: ": 21.771050519945522,
            "Best Solution is: ": "21.771051 == [[[2,5,15,13,17,12,18,10]],[[4,6,14,8,1,19,16,3,11]]] || [[20,9],[7]]",
            "Num_Drone: ": 2,
            "Num_Tech: ": 2,
            "Run Time is: ": 0.405
        }
    }
}
