{
    "50.30.1 | Average: ": 69.19012513266554,
    "50.30.1 | Best: ": 68.10380064098499,
    "50.30.1.txt": {
        "50.30.1.txt.1": {
            "Best Score is: ": 70.67735756534061,
            "Best Solution is: ": "70.677358 == [[[30,38,45,29,15,21,43,27,36,14]],[[18,49,16,1,40,25,3,47,48,35]],[[46,42,32,17,5,39,8,33,2,34,23,7]]] || [[22,12,9,28,19],[6,20,24,13,41,26],[10,4,37,44,50,31,11]]",
            "Num_Drone: ": 3,
            "Num_Tech: ": 3,
            "Run Time is: ": 37.518
        },
        "50.30.1.txt.2": {
            "Best Score is: ": 69.23798851591725,
            "Best Solution is: ": "69.237989 == [[[48,35,3,37,47,16,49,40,4,25,18,1,10]],[[29,15,21,43,27,36,14,41]],[[32,42,46,17,5,8,39,33,2,34,23]]] || [[28,9,12],[50,44,30,45,38,31,11,7],[6,20,13,24,22,19,26]]",
            "Num_Drone: ": 3,
            "Num_Tech: ": 3,
            "Run Time is: ": 42.195
        },
        "50.30.1.txt.3": {
            "Best Score is: ": 67.77205972316871,
            "Best Solution is: ": "67.772060 == [[[6,20,18,40,1,49,16,47,37,3,25,4]],[[31,29,15,45,30,38,21,43,27,36,14]],[[34,32,42,46,17,39,5,8,33,2,26,7]]] || [[12,9,22],[10,35,44,50,48,11],[23,19,24,28,13,41]]",
            "Num_Drone: ": 3,
            "Num_Tech: ": 3,
            "Run Time is: ": 46.321
        },
        "50.30.1.txt.4": {
            "Best Score is: ": 70.1594192179162,
            "Best Solution is: ": "70.159419 == [[[15,45,38,30,35,3,37,47,44,50,48,7]],[[31,11,25,40,16,49,18,1,4,26]],[[34,46,42,32,17,39,8,5,33,2,19]]] || [[23,41,13,20,6,10],[29,21,43,27,36,14],[22,12,9,28,24]]",
            "Num_Drone: ": 3,
            "Num_Tech: ": 3,
            "Run Time is: ": 42.97
        },
        "50.30.1.txt.5": {
            "Best Score is: ": 68.10380064098499,
            "Best Solution is: ": "68.103801 == [[[6,4,25,47,3,37,16,49,40,18,1,20,10]],[[29,15,30,45,38,21,43,27,36,14,7]],[[34,46,42,32,17,39,8,5,33,2,23]]] || [[19,12,9,22],[41,13,28,24,26],[35,48,44,50,11,31]]",
            "Num_Drone: ": 3,
            "Num_Tech: ": 3,
            "Run Time is: ": 44.233
        }
    }
}
