{
    "6.10.1 | Average: ": 17.75020496508027,
    "6.10.1 | Best: ": 17.75020496508027,
    "6.10.1.txt": {
        "6.10.1.txt.1": {
            "Best Score is: ": 17.75020496508027,
            "Best Solution is: ": "17.750205 == [[[4,5,1,6]]] || [[3,2]]",
            "Num_Drone: ": 1,
            "Num_Tech: ": 1,
            "Run Time is: ": 0.087
        },
        "6.10.1.txt.2": {
            "Best Score is: ": 17.75020496508027,
            "Best Solution is: ": "17.750205 == [[[6,1,5,4]]] || [[3,2]]",
            "Num_Drone: ": 1,
            "Num_Tech: ": 1,
            "Run Time is: ": 0.108
        },
        "6.10.1.txt.3": {
            "Best Score is: ": 17.75020496508027,
            "Best Solution is: ": "17.750205 == [[[6,1,5,4]]] || [[3,2]]",
            "Num_Drone: ": 1,
            "Num_Tech: ": 1,
            "Run Time is: ": 0.095
        },
        "6.10.1.txt.4": {
            "Best Score is: ": 17.75020496508027,
            "Best Solution is: ": "17.750205 == [[[6,1,5,4]]] || [[2,3]]",
            "Num_Drone: ": 1,
            "Num_Tech: ": 1,
            "Run Time is: ": 0.094
        },
        "6.10.1.txt.5": {
            "Best Score is: ": 17.75020496508027,
            "Best Solution is: ": "17.750205 == [[[4,5,1,6]]] || [[2,3]]",
            "Num_Drone: ": 1,
            "Num_Tech: ": 1,
            "Run Time is: ": 0.076
        }
    },
    "6.10.2 | Average: ": 20.660850344229097,
    "6.10.2 | Best: ": 20.660850344229097,
    "6.10.2.txt": {
        "6.10.2.txt.1": {
            "Best Score is: ": 20.660850344229097,
            "Best Solution is: ": "20.660850 == [[[2,4,3,5]]] || [[6,1]]",
            "Num_Drone: ": 1,
            "Num_Tech: ": 1,
            "Run Time is: ": 0.078
        },
        "6.10.2.txt.2": {
            "Best Score is: ": 20.660850344229097,
            "Best Solution is: ": "20.660850 == [[[4,3,5,2]]] || [[1,6]]",
            "Num_Drone: ": 1,
            "Num_Tech: ": 1,
            "Run Time is: ": 0.082
        },
        "6.10.2.txt.3": {
            "Best Score is: ": 20.660850344229097,
            "Best Solution is: ": "20.660850 == [[[4,3,5,2]]] || [[6,1]]",
            "Num_Drone: ": 1,
            "Num_Tech: ": 1,
            "Run Time is: ": 0.079
        },
        "6.10.2.txt.4": {
            "Best Score is: ": 20.660850344229097,
            "Best Solution is: ": "20.660850 == [[[4,3,5,2]]] || [[6,1]]",
            "Num_Drone: ": 1,
            "Num_Tech: ": 1,
            "Run Time is: ": 0.079
        },
        "6.10.2.txt.5": {
            "Best Score is: ": 20.660850344229097,
            "Best Solution is: ": "20.660850 == [[[5,3,4,2]]] || [[1,6]]",
            "Num_Drone: ": 1,
            "Num_Tech: ": 1,
            "Run Time is: ": 0.083
        }
    },
    "6.10.3 | Average: ": 21.927618665034473,
    "6.10.3 | Best: ": 21.927618665034473,
    "6.10.3.txt": {
        "6.10.3.txt.1": {
            "Best Score is: ": 21.927618665034476,
            "Best Solution is: ": "21.927619 == [[[3,6,4]]] || [[2,5,1]]",
            "Num_Drone: ": 1,
            "Num_Tech: ": 1,
            "Run Time is: ": 0.09
        },
        "6.10.3.txt.2": {
            "Best Score is: ": 21.927618665034473,
            "Best Solution is: ": "21.927619 == [[[6,3,4]]] || [[1,5,2]]",
            "Num_Drone: ": 1,
            "Num_Tech: ": 1,
            "Run Time is: ": 0.085
        },
        "6.10.3.txt.3": {
            "Best Score is: ": 21.927618665034473,
            "Best Solution is: ": "21.927619 == [[[4,6,3]]] || [[1,5,2]]",
            "Num_Drone: ": 1,
            "Num_Tech: ": 1,
            "Run Time is: ": 0.083
        },
        "6.10.3.txt.4": {
            "Best Score is: ": 21.927618665034476,
            "Best Solution is: ": "21.927619 == [[[3,6,4]]] || [[2,5,1]]",
            "Num_Drone: ": 1,
            "Num_Tech: ": 1,
            "Run Time is: ": 0.072
        },
        "6.10.3.txt.5": {
            "Best Score is: ": 21.927618665034473,
            "Best Solution is: ": "21.927619 == [[[4,6,3]]] || [[1,5,2]]",
            "Num_Drone: ": 1,
            "Num_Tech: ": 1,
            "Run Time is: ": 0.083
        }
    },
    "6.10.4 | Average: ": 16.72634059982888,
    "6.10.4 | Best: ": 16.72634059982888,
    "6.10.4.txt": {
        "6.10.4.txt.1": {
            "Best Score is: ": 16.72634059982888,
            "Best Solution is: ": "16.726341 == [[[2,3,4,5,1]]] || [[6]]",
            "Num_Drone: ": 1,
            "Num_Tech: ": 1,
            "Run Time is: ": 0.117
        },
        "6.10.4.txt.2": {
            "Best Score is: ": 16.72634059982888,
            "Best Solution is: ": "16.726341 == [[[1,2,5,4,3]]] || [[6]]",
            "Num_Drone: ": 1,
            "Num_Tech: ": 1,
            "Run Time is: ": 0.08
        },
        "6.10.4.txt.3": {
            "Best Score is: ": 16.72634059982888,
            "Best Solution is: ": "16.726341 == [[[1,2,5,4,3]]] || [[6]]",
            "Num_Drone: ": 1,
            "Num_Tech: ": 1,
            "Run Time is: ": 0.075
        },
        "6.10.4.txt.4": {
            "Best Score is: ": 16.72634059982888,
            "Best Solution is: ": "16.726341 == [[[1,2,4,3,5]]] || [[6]]",
            "Num_Drone: ": 1,
            "Num_Tech: ": 1,
            "Run Time is: ": 0.093
        },
        "6.10.4.txt.5": {
            "Best Score is: ": 16.72634059982888,
            "Best Solution is: ": "16.726341 == [[[2,5,3,4,1]]] || [[6]]",
            "Num_Drone: ": 1,
            "Num_Tech: ": 1,
            "Run Time is: ": 0.085
        }
    },
    "6.20.1 | Average: ": 37.33445961088125,
    "6.20.1 | Best: ": 37.33445961088125,
    "6.20.1.txt": {
        "6.20.1.txt.1": {
            "Best Score is: ": 37.33445961088125,
            "Best Solution is: ": "37.334460 == [[[2,1,3]]] || [[5,6,4]]",
            "Num_Drone: ": 1,
            "Num_Tech: ": 1,
            "Run Time is: ": 0.091
        },
        "6.20.1.txt.2": {
            "Best Score is: ": 37.33445961088125,
            "Best Solution is: ": "37.334460 == [[[3,1,2]]] || [[6,5,4]]",
            "Num_Drone: ": 1,
            "Num_Tech: ": 1,
            "Run Time is: ": 0.089
        },
        "6.20.1.txt.3": {
            "Best Score is: ": 37.33445961088125,
            "Best Solution is: ": "37.334460 == [[[2,1,3]]] || [[4,6,5]]",
            "Num_Drone: ": 1,
            "Num_Tech: ": 1,
            "Run Time is: ": 0.137
        },
        "6.20.1.txt.4": {
            "Best Score is: ": 37.33445961088125,
            "Best Solution is: ": "37.334460 == [[[3,1,2]]] || [[5,6,4]]",
            "Num_Drone: ": 1,
            "Num_Tech: ": 1,
            "Run Time is: ": 0.09
        },
        "6.20.1.txt.5": {
            "Best Score is: ": 37.33445961088125,
            "Best Solution is: ": "37.334460 == [[[2,1,3]]] || [[4,5,6]]",
            "Num_Drone: ": 1,
            "Num_Tech: ": 1,
            "Run Time is: ": 0.079
        }
    },
    "6.20.2 | Average: ": 39.021858230842255,
    "6.20.2 | Best: ": 39.021858230842255,
    "6.20.2.txt": {
        "6.20.2.txt.1": {
            "Best Score is: ": 39.021858230842255,
            "Best Solution is: ": "39.021858 == [[[6,4,3,5]]] || [[2,1]]",
            "Num_Drone: ": 1,
            "Num_Tech: ": 1,
            "Run Time is: ": 0.088
        },
        "6.20.2.txt.2": {
            "Best Score is: ": 39.021858230842255,
            "Best Solution is: ": "39.021858 == [[[6,4,3,5]]] || [[2,1]]",
            "Num_Drone: ": 1,
            "Num_Tech: ": 1,
            "Run Time is: ": 0.089
        },
        "6.20.2.txt.3": {
            "Best Score is: ": 39.021858230842255,
            "Best Solution is: ": "39.021858 == [[[6,4,3,5]]] || [[2,1]]",
            "Num_Drone: ": 1,
            "Num_Tech: ": 1,
            "Run Time is: ": 0.083
        },
        "6.20.2.txt.4": {
            "Best Score is: ": 39.021858230842255,